{
  "project_info": {
    "project_number": "216640401957",
    "firebase_url": "https://smart-dorm-shower-queue-default-rtdb.asia-southeast1.firebasedatabase.app",
    "project_id": "smart-dorm-shower-queue",
    "storage_bucket": "smart-dorm-shower-queue.firebasestorage.app"
  },
  "client": [
    {
      "client_info": {
        "mobilesdk_app_id": "1:216640401957:android:29baf9caea42a8ef0cc5cc",
        "android_client_info": {
          "package_name": "com.example.smarthomeshowerqueue"
        }
      },
      "oauth_client": [],
      "api_key": [
        {
          "current_key": "AIzaSyBrW_Lru8yfYUwnc8h7Ed0vTTAhn_jp2sg"
        }
      ],
      "services": {
        "appinvite_service": {
          "other_platform_oauth_client": []
        }
      }
    }
  ],
  "configuration_version": "1"
}

